[
  {
    "phone": "0916169631",
    "familyMemberIdUpdate": "f7bb18ec-3cc6-43c9-a7af-13c4b091c2dc",
    "filePath": null,
    "name": "chị Phương",
    "type": "ADDRESS_CHAT_CALL"
  },
  {
    "phone": "0915643785",
    "familyMemberIdUpdate": "3e1def02-bd0f-45c7-a07e-62f53707b44b",
    "filePath": "http://10.207.59.113:8090/3,1c4caf5ae3",
    "name": "dat",
    "type": "ADDRESS_CHAT_CALL"
  },
  {
    "phone": "0916169954",
    "familyMemberIdUpdate": "41dc317e-13e0-49f6-b324-a803dd7a57ef",
    "filePath": "",
    "name": "tí móm 2",
    "type": "ADDRESS_CHAT_CALL"
  }
]